SetID,Number,Variant,Theme,Subtheme,Year,Name,Minifigs,Pieces,UKPrice,USPrice,CAPrice,EUPrice,ImageURL
24994,"10251","1","Advanced Models","Modular Buildings","2016","Brick Bank",5,2380,119.99,169.99,219.99,149.99,"http://images.brickset.com/sets/images/10251-1.jpg"
25617,"10253","1","Advanced Models","Buildings","2016","Big Ben",,,,,,,
24995,"10702","1","Classic","","2016","Creative Building Set",,583,19.99,29.99,39.99,24.99,"http://images.brickset.com/sets/images/10702-1.jpg"
24738,"10720","1","Juniors","City","2016","Police Helicopter Chase",,63,8.99,,,9.99,"http://images.brickset.com/sets/images/10720-1.jpg"
24739,"10721","1","Juniors","Super Heroes","2016","Iron Man vs. Loki",2,66,11.99,,,12.99,"http://images.brickset.com/sets/images/10721-1.jpg"
24740,"10722","1","Juniors","Ninjago","2016","Snake Showdown",,92,12.99,,,14.99,"http://images.brickset.com/sets/images/10722-1.jpg"
24741,"10723","1","Juniors","Disney Princess","2016","Ariel's Dolphin Carriage",,70,12.99,,,14.99,"http://images.brickset.com/sets/images/10723-1.jpg"
26028,"10724","1","Juniors","Super Heroes","2016","Batman & Superman vs. Lex Luthor",,164,19.99,,,,
24742,"10725","1","Juniors","Ninjago","2016","Lost Temple",,172,24.99,,,34.99,"http://images.brickset.com/sets/images/10725-1.jpg"
25942,"10726","1","Juniors","Friends","2016","Stephanie's Horse Carriage",,58,8.99,,,,
25943,"10727","1","Juniors","Friends","2016","Emma's Ice Cream Truck",,136,17.99,,,,
25944,"10728","1","Juniors","Friends","2016","Mia's Vet Clinic",,173,,,,,
24743,"10729","1","Juniors","Disney Princess","2016","Cinderella's Carriage",,116,19.99,,,24.99,"http://images.brickset.com/sets/images/10729-1.jpg"
24707,"10801","1","Duplo","","2016","Baby Animals",,13,9.99,9.99,12.99,9.99,"http://images.brickset.com/sets/images/10801-1.jpg"
24708,"10802","1","Duplo","","2016","Savanna",,18,16.99,19.99,24.99,19.99,"http://images.brickset.com/sets/images/10802-1.jpg"
24709,"10803","1","Duplo","","2016","Arctic",2,40,24.99,29.99,39.99,29.99,"http://images.brickset.com/sets/images/10803-1.jpg"
25656,"10804","1","Duplo","","2016","Jungle",,86,39.99,49.99,64.99,59.99,"http://images.brickset.com/sets/images/10804-1.jpg"
25874,"10805","1","Duplo","","2016","Around the World",,163,79.99,99.99,129.99,99.99,"http://images.brickset.com/sets/images/10805-1.jpg"
24710,"10806","1","Duplo","","2016","Horses",,20,12.99,14.99,17.99,14.99,"http://images.brickset.com/sets/images/10806-1.jpg"
24711,"10807","1","Duplo","","2016","Horse Trailer",,15,16.99,19.99,24.99,19.99,"http://images.brickset.com/sets/images/10807-1.jpg"
24712,"10808","1","Duplo","","2016","Little Plane",,13,9.99,9.99,12.99,9.99,"http://images.brickset.com/sets/images/10808-1.jpg"
24713,"10809","1","Duplo","","2016","Police Patrol",,15,12.99,14.99,17.99,14.99,"http://images.brickset.com/sets/images/10809-1.jpg"
26071,"10810","1","Duplo","Trains","2016","Push Train",,45,,,,,
26073,"10811","1","Duplo","Construction","2016","Backhoe Loader",,19,,,,,
26072,"10812","1","Duplo","Construction","2016","Truck & Tracked Excavator",,26,,,,,
26070,"10813","1","Duplo","Construction","2016","Big Construction Site",,67,,,,,
24714,"10814","1","Duplo","","2016","Tow Truck",,28,16.99,19.99,24.99,19.99,"http://images.brickset.com/sets/images/10814-1.jpg"
24891,"10815","1","Duplo","","2016","My First Rocket",,18,8.99,9.99,12.99,9.99,"http://images.brickset.com/sets/images/10815-1.jpg"
24715,"10816","1","Duplo","","2016","My First Cars and Trucks",,36,14.99,19.99,24.99,19.99,"http://images.brickset.com/sets/images/10816-1.jpg"
24716,"10817","1","Duplo","","2016","Creative Chest",,70,19.99,29.99,39.99,24.99,"http://images.brickset.com/sets/images/10817-1.jpg"
24717,"10818","1","Duplo","","2016","My First Truck",,29,16.99,19.99,19.99,19.99,"http://images.brickset.com/sets/images/10818-1.jpg"
24718,"10819","1","Duplo","","2016","My First Garden",,25,16.99,19.99,19.99,19.99,"http://images.brickset.com/sets/images/10819-1.jpg"
24892,"10822","1","Duplo","Sophia the First","2016","Sofia's Magical Carriage",,30,,,,,
24893,"10823","1","Duplo","","2016","Minnie's Bowtique",,,,,,,
25654,"10824","1","Duplo","Miles from Tomorrowland","2016","Miles' Space Adventures",1,23,17.99,19.99,24.99,19.99,"http://images.brickset.com/sets/images/10824-1.jpg"
26068,"10825","1","Duplo","Miles from Tomorrowland","2016","Miles' Exo-Flex Suit",,37,,,,,
25655,"10826","1","Duplo","Miles from Tomorrowland","2016","Miles' Stellosphere Hangar",1,44,29.99,34.99,44.99,34.99,"http://images.brickset.com/sets/images/10826-1.jpg"
26069,"10827","1","Duplo","Mickey Mouse Clubhouse","2016","Mickey & Friends Beach House",,48,,,,,
26067,"10828","1","Duplo","Doc McStuffins","2016","Doc's Pet Vet Care",,30,,,,,
24719,"10829","1","Duplo","Mickey Mouse Clubhouse","2016","Mickey's Workshop",,18,16.99,19.99,24.99,19.99,"http://images.brickset.com/sets/images/10829-1.jpg"
24720,"10830","1","Duplo","","2016","Minnie's Caf√©",,27,16.99,19.99,24.99,19.99,"http://images.brickset.com/sets/images/10830-1.jpg"
24721,"10831","1","Duplo","","2016","My First Caterpillar",,19,9.99,9.99,12.99,9.99,"http://images.brickset.com/sets/images/10831-1.jpg"
24662,"21026","1","Architecture","Skylines","2016","Venice",,212,24.99,29.99,39.99,29.99,"http://images.brickset.com/sets/images/21026-1.jpg"
24663,"21027","1","Architecture","Skylines","2016","Berlin",,289,24.99,29.99,39.99,29.99,"http://images.brickset.com/sets/images/21027-1.jpg"
24664,"21028","1","Architecture","Skylines","2016","New York City",,598,39.99,59.99,74.99,49.99,"http://images.brickset.com/sets/images/21028-1.jpg"
25618,"21029","1","Architecture","","2016","Buckingham Palace",,,,,,,"http://images.brickset.com/sets/images/21029-1.jpg"
25619,"21030","1","Architecture","","2016","United States Capitol Building",,,,,,,"http://images.brickset.com/sets/images/21030-1.jpg"
24665,"21031","1","Architecture","","2016","Burj Khalifa",,333,39.99,39.99,49.99,39.99,"http://images.brickset.com/sets/images/21031-1.jpg"
24752,"21123","1","Minecraft","Minifig-scale","2016","The Iron Golem",,,,,,,"http://images.brickset.com/sets/images/21123-1.jpg"
24753,"21124","1","Minecraft","Minifig-scale","2016","The End Portal",,,,,,,"http://images.brickset.com/sets/images/21124-1.jpg"
24754,"21125","1","Minecraft","Minifig-scale","2016","The Jungle Tree House",,,,,,,"http://images.brickset.com/sets/images/21125-1.jpg"
24755,"21126","1","Minecraft","Minifig-scale","2016","The Wither",,,,,,,"http://images.brickset.com/sets/images/21126-1.jpg"
25611,"21127","1","Minecraft","Minifig-scale","2016","The Fortress",,,89.99,109.99,,,"http://images.brickset.com/sets/images/21127-1.jpg"
25612,"21128","1","Minecraft","Minifig-scale","2016","The Village",,,,199.99,,,
25658,"21305","1","Ideas","","2016","Maze",,769,,69.99,,,
25906,"30277","1","Star Wars","The Force Awakens","2016","First Order Star Destroyer",,,,,,,"http://images.brickset.com/sets/images/30277-1.jpg"
25599,"30278","1","Star Wars","The Force Awakens","2016","Poe's X-wing Fighter",,64,,3.99,,,"http://images.brickset.com/sets/images/30278-1.jpg"
25850,"30279","1","Star Wars","The Force Awakens","2016","Kylo Ren's Command Shuttle",,43,,,,,"http://images.brickset.com/sets/images/30279 -1.jpg"
25907,"30321","1","Duplo","","2016","Duck",,4,,,,,
25908,"30322","1","Duplo","","2016","Wildlife",,7,,,,,
25909,"30346","1","City","Police","2016","Prison Island Helicopter",,46,,,,,"http://images.brickset.com/sets/images/30346-1.jpg"
25910,"30347","1","City","Fire","2016","Fire Car",1,53,,3.99,,,"http://images.brickset.com/sets/images/30347-1.jpg"
25894,"30348","1","City","Construction","2016","Mini Dumper",,45,,,,,"http://images.brickset.com/sets/images/30348-1.jpg"
25893,"30349","1","City","","2016","Sports Car",1,47,,3.99,,,"http://images.brickset.com/sets/images/30349-1.jpg"
24981,"30371","1","Nexo Knights","","2016","Knight's Cycle",,38,,,,,"http://images.brickset.com/sets/images/30371-1.jpg"
24982,"30372","1","Nexo Knights","","2016","Robin's Mini Fortrex",1,45,,,,,"http://images.brickset.com/sets/images/30372-1.jpg"
24983,"30373","1","Nexo Knights","","2016","Knighton Hyper Cannon",,,,,,,"http://images.brickset.com/sets/images/30373-1.jpg"
24984,"30374","1","Nexo Knights","","2016","The Lava Slinger",,40,,,,,"http://images.brickset.com/sets/images/30374-1.jpg"
26055,"30375","1","Elves","","2016","Sira's Adventurous Airglider",,,,,,,
25911,"30396","1","Friends","","2016","Cupcake Stall",,,,,,,"http://images.brickset.com/sets/images/30396-1.jpg"
24985,"30397","1","Disney Princess","Frozen","2016","Olaf's Summertime Fun",1,,,,,,"http://images.brickset.com/sets/images/30397-1.jpg"
25855,"30398","1","Friends","Adventure Camp","2016","Adventure Camp Bridge",1,37,,,,,"http://images.brickset.com/sets/images/30398-1.jpg"
24996,"30421","1","Ninjago","Skybound","2016","Skybound Plane",,30,,,,,"http://images.brickset.com/sets/images/30421-1.jpg"
24997,"30422","1","Ninjago","Skybound","2016","Kai's Mini Dragon",,39,,,,,"http://images.brickset.com/sets/images/30422-1.jpg"
24986,"30446","1","DC Comics Super Heroes","Batman v Superman: Dawn of Justice","2016","The Batmobile",,63,,3.99,,,"http://images.brickset.com/sets/images/30446-1.jpg"
26064,"30447","1","Marvel Super Heroes","Captain America: Civil War","2016","Captain America's Motorcycle ",,,,,,,
25945,"30448","1","Marvel Super Heroes","Ultimate Spider-Man","2016","Spider-Man vs. The Venom Symbiote",,49,,,,,"http://images.brickset.com/sets/images/30448-1.jpg"
24998,"30471","1","Creator","","2016","Helicopter",,,,,,,"http://images.brickset.com/sets/images/30471-1.jpg"
24999,"30472","1","Creator","","2016","Parrot",,43,,,,,"http://images.brickset.com/sets/images/30472-1.jpg"
25912,"30473","1","Juniors","","2016","Racer",,,,,,,"http://images.brickset.com/sets/images/30473-1.jpg"
25000,"30474","1","Creator","Seasonal","2016","Reindeer",,,,,,,"http://images.brickset.com/sets/images/30474-1.jpg"
26063,"30603","1","DC Comics Super Heroes","Classic Batman TV Series","2016","Batman Classic TV Series - Mr. Freeze",,16,,,,,"http://images.brickset.com/sets/images/30603-1.jpg"
25001,"30604","1","DC Comics Super Heroes","","2016","Cosmic Boy",,,,,,,"http://images.brickset.com/sets/images/30604-1.jpg"
25598,"30605","1","Star Wars","The Force Awakens","2016","Finn (FN-2187)",1,5,,,,,"http://images.brickset.com/sets/images/30605-1.jpg"
24894,"31040","1","Creator","","2016","Desert Racers",,65,4.99,4.99,6.99,4.99,"http://images.brickset.com/sets/images/31040-1.jpg"
24895,"31041","1","Creator","","2016","Construction Vehicles",,64,4.99,4.99,6.99,4.99,"http://images.brickset.com/sets/images/31041-1.jpg"
24690,"31042","1","Creator","","2016","Super Soarer",,100,9.99,9.99,12.99,9.99,"http://images.brickset.com/sets/images/31042-1.jpg"
24691,"31043","1","Creator","","2016","Chopper Transporter",,124,9.99,9.99,12.99,9.99,"http://images.brickset.com/sets/images/31043-1.jpg"
24692,"31044","1","Creator","","2016","Park Animals",,202,12.99,14.99,19.99,14.99,"http://images.brickset.com/sets/images/31044-1.jpg"
24693,"31045","1","Creator","","2016","Ocean Explorer",,213,12.99,14.99,19.99,14.99,"http://images.brickset.com/sets/images/31045-1.jpg"
24896,"31046","1","Creator","","2016","Fast Car",,222,17.99,19.99,24.99,19.99,"http://images.brickset.com/sets/images/31046-1.jpg"
24694,"31047","1","Creator","","2016","Propeller Plane",,230,17.99,19.99,24.99,19.99,"http://images.brickset.com/sets/images/31047-1.jpg"
24695,"31048","1","Creator","","2016","Lakeside Lodge",1,368,19.99,29.99,39.99,24.99,"http://images.brickset.com/sets/images/31048-1.jpg"
25616,"31049","1","Creator","","2016","Dual Rotor Helicopter",,,19.99,,,,"http://images.brickset.com/sets/images/31049-1.jpg"
24696,"31050","1","Creator","","2016","Corner Deli",2,467,27.99,39.99,49.99,34.99,"http://images.brickset.com/sets/images/31050-1.jpg"
25613,"31051","1","Creator","","2016","Cape Lighthouse",,,39.99,,,,"http://images.brickset.com/sets/images/31051-1.jpg"
25614,"31052","1","Creator","","2016","Vacation Getaways",,,49.99,,,,"http://images.brickset.com/sets/images/31052-1.jpg"
25615,"31053","1","Creator","","2016","Tree House Adventures",,,24.99,,,,"http://images.brickset.com/sets/images/31053-1.jpg"
26062,"40165","1","Miscellaneous","","2016","Minifigure Wedding Favour Set",,89,,,,,"http://images.brickset.com/sets/images/40165-1.jpg"
24987,"40201","1","Seasonal","Valentine's Day","2016","Valentine's Cupid Dog",,150,8.49,9.99,11.99,9.99,"http://images.brickset.com/sets/images/40201-1.jpg"
24988,"40202","1","Seasonal","Easter","2016","Easter Chick",,111,,9.99,,,
24989,"40207","1","Creator","Chinese New Year","2016","Year of the Monkey",,165,,,,,"http://images.brickset.com/sets/images/40207-1.jpg"
25963,"40208","1","Promotional","Monthly Mini Model Build","2016","Polar Bear",,,,,,,"http://images.brickset.com/sets/images/40208-1.jpg"
24990,"40209","1","Promotional","Monthly Mini Model Build","2016","Snowmobile",,,,,,,"http://images.brickset.com/sets/images/40209-1.jpg"
24991,"40221","1","Seasonal","","2016","{?}",,,,,,,
26016,"40223","1","Seasonal","Christmas","2016","Christmas Ornament",,,,,,,"http://images.brickset.com/sets/images/40223-1.jpg"
25905,"40227","1","Promotional","","2016","MSC Meraviglia",,180,,,,,"http://images.brickset.com/sets/images/40227-1.jpg"
26022,"41065","1","Disney Princess","Tangled","2016","Rapunzel's Best Day Ever",,145,19.99,,,,
24625,"41066","1","Disney Princess","Frozen","2016","Anna & Kristoff's Sleigh Adventure",2,174,24.99,29.99,39.99,29.99,"http://images.brickset.com/sets/images/41066-1.jpg"
25933,"41067","1","Disney Princess","Beauty and the Beast","2016","Belle's Enchanted Castle",,374,49.99,,,,
24626,"41068","1","Disney Princess","Frozen","2016","Arendelle Castle Celebration",6,477,49.99,59.99,74.99,59.99,"http://images.brickset.com/sets/images/41068-1.jpg"
24703,"41069","1","Disney Princess","Palace Pets","2016","Treasure's Day at the Pool",,70,6.99,5.99,7.99,7.99,"http://images.brickset.com/sets/images/41069-1.jpg"
24728,"41110","1","Friends","Party","2016","Birthday Party",,191,17.99,19.99,24.99,19.99,"http://images.brickset.com/sets/images/41110-1.jpg"
24729,"41111","1","Friends","Party","2016","Party Train",1,109,8.99,9.99,12.99,9.99,"http://images.brickset.com/sets/images/41111-1.jpg"
24897,"41112","1","Friends","Party","2016","Party Cakes",,50,3.99,4.99,6.99,4.99,"http://images.brickset.com/sets/images/41112-1.jpg"
24898,"41113","1","Friends","Party","2016","Party Gift Shop",,52,3.99,4.99,6.99,4.99,"http://images.brickset.com/sets/images/41113-1.jpg"
24899,"41114","1","Friends","Party","2016","Party Styling",,54,3.99,4.99,6.99,4.99,"http://images.brickset.com/sets/images/41114-1.jpg"
24730,"41115","1","Friends","","2016","Emma's Creative Workshop",1,108,8.99,9.99,12.99,9.99,"http://images.brickset.com/sets/images/41115-1.jpg"
24731,"41116","1","Friends","","2016","Olivia's Exploration Car",1,185,12.99,14.99,17.99,14.99,"http://images.brickset.com/sets/images/41116-1.jpg"
24732,"41117","1","Friends","Pop Star","2016","Pop Star TV Studio",1,194,17.99,19.99,24.99,24.99,"http://images.brickset.com/sets/images/41117-1.jpg"
24733,"41118","1","Friends","","2016","Heartlake Supermarket",2,313,29.99,29.99,39.99,34.99,"http://images.brickset.com/sets/images/41118-1.jpg"
24734,"41119","1","Friends","","2016","Heartlake Cupcake Cafe",2,439,34.99,39.99,49.99,39.99,"http://images.brickset.com/sets/images/41119-1.jpg"
24735,"41120","1","Friends","Adventure Camp","2016","Adventure Camp Archery",1,114,8.99,9.99,12.99,9.99,"http://images.brickset.com/sets/images/41120-1.jpg"
24736,"41121","1","Friends","Adventure Camp","2016","Adventure Camp Rafting",,320,24.99,29.99,39.99,29.99,"http://images.brickset.com/sets/images/41121-1.jpg"
24900,"41122","1","Friends","Adventure Camp","2016","Adventure Camp Tree House",,726,59.99,79.99,99.99,69.99,"http://images.brickset.com/sets/images/41122-1.jpg"
25934,"41123","1","Friends","Vet","2016","Foal's Washing Station",,,8.99,,,,
25935,"41124","1","Friends","Vet","2016","Puppy Daycare",,,24.99,,,,"http://images.brickset.com/sets/images/41124-1.jpg"
25936,"41125","1","Friends","","2016","Horse Trailer",,,34.99,,,,
25937,"41126","1","Friends","","2016","Horse Riding Club",,,49.99,,,,
25938,"41127","1","Friends","Amusement Park","2016","Amusement Park Arcade",,,12.99,,,,"http://images.brickset.com/sets/images/41127-1.jpg"
25939,"41128","1","Friends","Amusement Park","2016","Amusement Park Space Ride",,,17.99,,,,"http://images.brickset.com/sets/images/41128-1.jpg"
25940,"41129","1","Friends","Amusement Park","2016","Amusement Park Hot Dog Stand",,,24.99,,,,"http://images.brickset.com/sets/images/41129-1.jpg"
25941,"41130","1","Friends","Amusement Park","2016","Amusement Park Rollercoaster",,,89.99,,,,
26023,"41131","1","Friends","Seasonal","2016","Friends Advent Calendar",,218,,,,,
26044,"41133","1","Friends","Amusement Park","2016","Amusement Park Bumper Cars",,,,,,,
26045,"41134","1","Friends","","2016","Heartlake Performance School",,,,,,,
24737,"41135","1","Friends","Pop Star","2016","Livi's Pop Star House",2,597,49.99,49.99,59.99,54.99,"http://images.brickset.com/sets/images/41135-1.jpg"
24704,"41140","1","Disney Princess","Palace Pets","2016","Daisy's Beauty Salon",,98,8.99,9.99,12.99,9.99,"http://images.brickset.com/sets/images/41140-1.jpg"
24705,"41141","1","Disney Princess","Palace Pets","2016","Pumpkin's Royal Carriage",,79,8.99,9.99,12.99,9.99,"http://images.brickset.com/sets/images/41141-1.jpg"
24706,"41142","1","Disney Princess","Palace Pets","2016","Palace Pets Royal Castle",,186,19.99,19.99,24.99,19.99,"http://images.brickset.com/sets/images/41142-1.jpg"
24722,"41171","1","Elves","","2016","Emily Jones & the Baby Wind Dragon",,80,,9.99,,,"http://images.brickset.com/sets/images/41171-1.jpg"
24723,"41172","1","Elves","","2016","The Water Dragon Adventure",,212,,19.99,,,"http://images.brickset.com/sets/images/41172-1.jpg"
24724,"41173","1","Elves","","2016","Elvendale School of Dragons",,230,,19.99,,,"http://images.brickset.com/sets/images/41173-1.jpg"
24725,"41174","1","Elves","","2016","The Starlight Inn",,343,,29.99,,,"http://images.brickset.com/sets/images/41174-1.jpg"
24726,"41175","1","Elves","","2016","Fire Dragon's Lava Cave",,441,,39.99,,,"http://images.brickset.com/sets/images/41175-1.jpg"
24727,"41176","1","Elves","","2016","The Secret Market Place",,691,,59.99,,,"http://images.brickset.com/sets/images/41176-1.jpg"
26024,"41177","1","Elves","","2016","The Precious Crystal Mine",,273,24.99,29.99,,,"http://images.brickset.com/sets/images/41177-1.jpg"
26025,"41178","1","Elves","","2016","The Dragon Sanctuary",,585,34.99,49.99,,,
26026,"41179","1","Elves","","2016","Queen Dragon's Rescue",,833,59.99,69.99,,,
26027,"41180","1","Elves","","2016","Ragana's Magic Shadow Castle",,1014,74.99,99.99,,,
24620,"41554","1","Mixels","Series 7","2016","Kuffs",,63,3,4.99,5.99,3.99,"http://images.brickset.com/sets/images/41554-1.jpg"
24901,"41555","1","Mixels","Series 7","2016","Busto",,69,3,4.99,5.99,3.99,"http://images.brickset.com/sets/images/41555-1.jpg"
24902,"41556","1","Mixels","Series 7","2016","Tiketz",,62,3,4.99,5.99,3.99,"http://images.brickset.com/sets/images/41556-1.jpg"
24621,"41557","1","Mixels","Series 7","2016","Camillot",,64,3,4.99,5.99,3.99,"http://images.brickset.com/sets/images/41557-1.jpg"
24903,"41558","1","Mixels","Series 7","2016","Mixadel",,63,3,4.99,5.99,3.99,"http://images.brickset.com/sets/images/41558-1.jpg"
24904,"41559","1","Mixels","Series 7","2016","Paladum",,64,3,4.99,5.99,3.99,"http://images.brickset.com/sets/images/41559-1.jpg"
24619,"41560","1","Mixels","Series 7","2016","Jamzy",,70,3,4.99,5.99,3.99,"http://images.brickset.com/sets/images/41560-1.jpg"
24905,"41561","1","Mixels","Series 7","2016","Tapsy",,57,3,4.99,5.99,3.99,"http://images.brickset.com/sets/images/41561-1.jpg"
24906,"41562","1","Mixels","Series 7","2016","Trumpsy",,54,3,4.99,5.99,3.99,"http://images.brickset.com/sets/images/41562-1.jpg"
25002,"41563","1","Mixels","Series 8","2016","Splasho",,67,,4.99,,,"http://images.brickset.com/sets/images/41563-1.jpg"
25003,"41564","1","Mixels","Series 8","2016","Aquad",,70,,4.99,,,"http://images.brickset.com/sets/images/41564-1.jpg"
25004,"41565","1","Mixels","Series 8","2016","Hydro",,70,,4.99,,,"http://images.brickset.com/sets/images/41565-1.jpg"
25005,"41566","1","Mixels","Series 8","2016","Sharx",,55,,4.99,,,"http://images.brickset.com/sets/images/41566-1.jpg"
25006,"41567","1","Mixels","Series 8","2016","Skulzy",,66,,4.99,,,"http://images.brickset.com/sets/images/41567-1.jpg"
25007,"41568","1","Mixels","Series 8","2016","Lewt",,62,,4.99,,,"http://images.brickset.com/sets/images/41568-1.jpg"
25008,"41569","1","Mixels","Series 8","2016","Surgeo",,63,,4.99,,,"http://images.brickset.com/sets/images/41569-1.jpg"
25009,"41570","1","Mixels","Series 8","2016","Skrubz",,68,,4.99,,,"http://images.brickset.com/sets/images/41570-1.jpg"
25010,"41571","1","Mixels","Series 8","2016","Tuth",,67,,4.99,,,"http://images.brickset.com/sets/images/41571-1.jpg"
26033,"41572","1","Mixels","Series 9","2016","Gobbol",,62,,4.99,,,
26034,"41573","1","Mixels","Series 9","2016","Sweepz",,61,,4.99,,,
26035,"41574","1","Mixels","Series 9","2016","Compax",,66,,4.99,,,
26036,"41575","1","Mixels","Series 9","2016","Cobrax",,64,,4.99,,,
26037,"41576","1","Mixels","Series 9","2016","Spinza",,60,,4.99,,,
26038,"41577","1","Mixels","Series 9","2016","Mysto",,64,,4.99,,,
26039,"41578","1","Mixels","Series 9","2016","Screeno",,73,,4.99,,,
26040,"41579","1","Mixels","Series 9","2016","Camsta",,62,,4.99,,,
26041,"41580","1","Mixels","Series 9","2016","Myke",,63,,4.99,,,
24800,"42044","1","Technic","","2016","Display Team Jet",,113,7.99,12.99,15.99,9.99,"http://images.brickset.com/sets/images/42044-1.jpg"
24801,"42045","1","Technic","","2016","Hydroplane Racer",,180,14.99,19.99,24.99,14.99,"http://images.brickset.com/sets/images/42045-1.jpg"
24802,"42046","1","Technic","","2016","Getaway Racer",,170,17.99,19.99,24.99,19.99,"http://images.brickset.com/sets/images/42046-1.jpg"
24803,"42047","1","Technic","","2016","Police Interceptor",,185,17.99,19.99,24.99,19.99,"http://images.brickset.com/sets/images/42047-1.jpg"
24804,"42048","1","Technic","","2016","Race Kart",,345,24.99,29.99,39.99,26.99,"http://images.brickset.com/sets/images/42048-1.jpg"
24805,"42049","1","Technic","","2016","Mine Loader",,476,29.99,49.99,64.99,39.99,"http://images.brickset.com/sets/images/42049-1.jpg"
24907,"42050","1","Technic","","2016","Drag Racer",,647,49.99,79.99,99.99,59.99,"http://images.brickset.com/sets/images/42050-1.jpg"
25600,"42051","1","Technic","","2016","Airport Rescue Vehicle",,,,,,,
24908,"42052","1","Technic","","2016","Heavy Lift Helicopter",,1042,99.99,139.99,179.99,119.99,"http://images.brickset.com/sets/images/42052-1.jpg"
24909,"42053","1","Technic","","2016","Volvo EW 160E",,,,,,,"http://images.brickset.com/sets/images/42053-1.jpg"
24910,"42054","1","Technic","","2016","Claas Xerion 5000 Tractor",,,,,,,"http://images.brickset.com/sets/images/42054-1.jpg"
24911,"42055","1","Technic","","2016","Bucket Wheel Excavator",,3927,179.99,,,,"http://images.brickset.com/sets/images/42055-1.jpg"
25610,"42056","1","Technic","","2016","{Porsche Supercar}",,,,,,,
25949,"45300","1","Education","","2016","WeDo 2.0 Core Set",,280,,,,,"http://images.brickset.com/sets/images/45300-1.jpg"
25955,"45301","1","Education","","2016","WeDo 2.0 Smart Hub",,,,,,,"http://images.brickset.com/sets/images/45301-1.jpg"
25956,"45302","1","Education","","2016","WeDo 2.0 Smarthub Rechargeable Battery",,,,,,,"http://images.brickset.com/sets/images/45302-1.jpg"
25954,"45303","1","Education","","2016","WeDo 2.0 Medium Motor",,,,,,,"http://images.brickset.com/sets/images/45303-1.jpg"
25953,"45304","1","Education","","2016","WeDo 2.0 Motion Sensor",,,,,,,"http://images.brickset.com/sets/images/45304-1.jpg"
25957,"45305","1","Education","","2016","WeDo 2.0 Tilt Sensor",,,,,,,"http://images.brickset.com/sets/images/45305-1.jpg"
26018,"60100","1","City","Airport","2016","Airport Starter Set",,81,8.99,,,,"http://images.brickset.com/sets/images/60100-1.jpg"
26019,"60101","1","City","Airport","2016","Airport Cargo Plane",,157,,,,,"http://images.brickset.com/sets/images/60101-1.jpg"
26020,"60102","1","City","Airport","2016","Airport VIP Service",,364,,,,,"http://images.brickset.com/sets/images/60102-1.jpg"
26021,"60103","1","City","Airport","2016","Airport Air Show",,670,,,,,"http://images.brickset.com/sets/images/60103-1.jpg"
26017,"60104","1","City","Airport","2016","Airport Passenger Terminal",,694,,,,,"http://images.brickset.com/sets/images/60104-1.jpg"
24976,"60105","1","City","Fire","2016","Fire ATV",1,64,4.99,6.99,8.99,5.99,"http://images.brickset.com/sets/images/60105-1.jpg"
24675,"60106","1","City","Fire","2016","Fire Starter Set",,90,8.99,9.99,12.99,9.99,"http://images.brickset.com/sets/images/60106-1.jpg"
24676,"60107","1","City","Fire","2016","Fire Ladder Truck",2,214,17.99,24.99,29.99,19.99,"http://images.brickset.com/sets/images/60107-1.jpg"
24677,"60108","1","City","Fire","2016","Fire Response Unit",,257,24.99,39.99,49.99,29.99,"http://images.brickset.com/sets/images/60108-1.jpg"
24678,"60109","1","City","Fire","2016","Fire Boat",,412,59.99,79.99,99.99,69.99,"http://images.brickset.com/sets/images/60109-1.jpg"
24912,"60110","1","City","Fire","2016","Fire Station",,919,79.99,99.99,129.99,99.99,"http://images.brickset.com/sets/images/60110-1.jpg"
24679,"60111","1","City","Fire","2016","Fire Utility Truck",3,368,29.99,39.99,49.99,34.99,"http://images.brickset.com/sets/images/60111-1.jpg"
24913,"60112","1","City","Fire","2016","Fire Engine",,376,34.99,49.99,64.99,39.99,"http://images.brickset.com/sets/images/60112-1.jpg"
24680,"60113","1","City","Traffic","2016","Rally Car",,104,7.99,9.99,12.99,9.99,"http://images.brickset.com/sets/images/60113-1.jpg"
24681,"60114","1","City","Harbour","2016","Race Boat",,95,7.99,9.99,12.99,9.99,"http://images.brickset.com/sets/images/60114-1.jpg"
24682,"60115","1","City","Traffic","2016","4 x 4 Off Roader",,176,17.99,19.99,24.99,19.99,"http://images.brickset.com/sets/images/60115-1.jpg"
24683,"60116","1","City","Medical","2016","Ambulance Plane",,183,17.99,19.99,24.99,19.99,"http://images.brickset.com/sets/images/60116-1.jpg"
24684,"60117","1","City","Traffic","2016","Van & Caravan",2,250,17.99,19.99,24.99,19.99,"http://images.brickset.com/sets/images/60117-1.jpg"
24685,"60118","1","City","Traffic","2016","Garbage Truck",,248,17.99,19.99,24.99,19.99,"http://images.brickset.com/sets/images/60118-1.jpg"
24686,"60119","1","City","Harbour","2016","Ferry",2,301,24.99,29.99,39.99,29.99,"http://images.brickset.com/sets/images/60119-1.jpg"
25926,"60120","1","City","Volcano Explorers","2016","Volcano Starter Set",,83,,,,,"http://images.brickset.com/sets/images/60120-1.jpg"
25927,"60121","1","City","Volcano Explorers","2016","Volcano Exploration Truck",,175,,,,,"http://images.brickset.com/sets/images/60121-1.jpg"
25928,"60122","1","City","Volcano Explorers","2016","Volcano Crawler",,324,,,,,"http://images.brickset.com/sets/images/60122-1.jpg"
25929,"60123","1","City","Volcano Explorers","2016","Volcano Supply Helicopter",,330,,,,,"http://images.brickset.com/sets/images/60123-1.jpg"
25930,"60124","1","City","Volcano Explorers","2016","Volcano Exploration Base",,824,,,,,"http://images.brickset.com/sets/images/60124-1.jpg"
24914,"60126","1","City","Police","2016","Tire Escape",2,47,4.99,6.99,8.99,5.99,"http://images.brickset.com/sets/images/60126-1.jpg"
24687,"60127","1","City","Police","2016","Prison Island Starter Set",4,92,8.99,9.99,12.99,9.99,"http://images.brickset.com/sets/images/60127-1.jpg"
24688,"60128","1","City","Police","2016","Police Pursuit",,184,17.99,24.99,29.99,19.99,"http://images.brickset.com/sets/images/60128-1.jpg"
24689,"60129","1","City","Police","2016","Police Patrol Boat",,200,34.99,49.99,59.99,39.99,"http://images.brickset.com/sets/images/60129-1.jpg"
24915,"60130","1","City","Police","2016","Prison Island",8,754,69.99,89.99,119.99,79.99,"http://images.brickset.com/sets/images/60130-1.jpg"
24916,"60131","1","City","Police","2016","Crooks Island",,244,24.99,29.99,39.99,29.99,"http://images.brickset.com/sets/images/60131-1.jpg"
25931,"60132","1","City","Traffic","2016","Service Station",,515,,,,,"http://images.brickset.com/sets/images/60132-1.jpg"
26066,"60133","1","City","Seasonal","2016","City Advent Calendar",,290,,,,,
25932,"60134","1","City","General","2016","Fun in the Park - City People Pack",,157,34.99,,,,"http://images.brickset.com/sets/images/60134-1.jpg"
24756,"70310","1","Nexo Knights","","2016","Knighton Battle Blaster",2,76,7.99,9.99,12.99,9.99,"http://images.brickset.com/sets/images/70310-1.jpg"
24757,"70311","1","Nexo Knights","","2016","Chaos Catapult",2,93,7.99,9.99,12.99,9.99,"http://images.brickset.com/sets/images/70311-1.jpg"
24758,"70312","1","Nexo Knights","","2016","Lance's Mecha Horse",3,237,17.99,19.99,24.99,19.99,"http://images.brickset.com/sets/images/70312-1.jpg"
24759,"70313","1","Nexo Knights","","2016","Moltor's Lava Smasher",2,187,17.99,19.99,24.99,19.99,"http://images.brickset.com/sets/images/70313-1.jpg"
24917,"70314","1","Nexo Knights","","2016","Beast Master's Chaos Chariot",2,314,24.99,29.99,39.99,32.99,"http://images.brickset.com/sets/images/70314-1.jpg"
24760,"70315","1","Nexo Knights","","2016","Clay's Rumble Blade",,367,29.99,39.99,49.99,39.99,"http://images.brickset.com/sets/images/70315-1.jpg"
24761,"70316","1","Nexo Knights","","2016","Jestro's Evil Mobile",,658,39.99,59.99,74.99,49.99,"http://images.brickset.com/sets/images/70316-1.jpg"
24918,"70317","1","Nexo Knights","","2016","The Fortrex",7,1140,79.99,99.99,129.99,99.99,"http://images.brickset.com/sets/images/70317-1.jpg"
25633,"70318","1","Nexo Knights","","2016","The Glob Lobber",,95,7.99,9.99,,,"http://images.brickset.com/sets/images/70318-1.jpg"
25634,"70319","1","Nexo Knights","","2016","Macy's Thunder Mace",,202,17.99,19.99,,,"http://images.brickset.com/sets/images/70319-1.jpg"
25635,"70320","1","Nexo Knights","","2016","Aaron Fox's Aero-Striker V2",,301,29.99,29.99,,,"http://images.brickset.com/sets/images/70320-1.jpg"
25636,"70321","1","Nexo Knights","","2016","General Magmar's Siege Machine of Doom",,516,34.99,49.99,,,"http://images.brickset.com/sets/images/70321-1.jpg"
25637,"70322","1","Nexo Knights","","2016","Axl's Tower Carrier",,670,39.99,69.99,,,"http://images.brickset.com/sets/images/70322-1.jpg"
25638,"70323","1","Nexo Knights","","2016","Jestro's Volcano Lair",,1186,99.99,119.99,,,"http://images.brickset.com/sets/images/70323-1.jpg"
25639,"70324","1","Nexo Knights","","2016","Merlok's Library 2.0",3,288,19.99,24.99,29.99,24.99,"http://images.brickset.com/sets/images/70324-1.jpg"
25640,"70325","1","Nexo Knights","","2016","Infernox captures the Queen",,253,19.99,24.99,29.99,24.99,"http://images.brickset.com/sets/images/70325-1.jpg"
25641,"70326","1","Nexo Knights","","2016","The Black Knight Mech",,530,,39.99,,,
25642,"70327","1","Nexo Knights","","2016","The King's Mech",3,375,29.99,29.99,39.99,32.99,"http://images.brickset.com/sets/images/70327-1.jpg"
24762,"70330","1","Nexo Knights","Ultimate","2016","Ultimate Clay",1,72,6.99,9.99,12.99,9.99,"http://images.brickset.com/sets/images/70330-1.jpg"
24763,"70331","1","Nexo Knights","Ultimate","2016","Ultimate Macy",1,101,6.99,9.99,12.99,9.99,"http://images.brickset.com/sets/images/70331-1.jpg"
24765,"70332","1","Nexo Knights","Ultimate","2016","Ultimate Aaron",1,82,6.99,9.99,12.99,9.99,"http://images.brickset.com/sets/images/70332-1.jpg"
24764,"70333","1","Nexo Knights","Ultimate","2016","Ultimate Robin",1,75,6.99,9.99,12.99,9.99,"http://images.brickset.com/sets/images/70333-1.jpg"
24766,"70334","1","Nexo Knights","Ultimate","2016","Ultimate Beast Master",1,65,6.99,9.99,12.99,9.99,"http://images.brickset.com/sets/images/70334-1.jpg"
24767,"70335","1","Nexo Knights","Ultimate","2016","Ultimate Lavaria",1,69,6.99,9.99,12.99,9.99,"http://images.brickset.com/sets/images/70335-1.jpg"
25629,"70336","1","Nexo Knights","Ultimate","2016","Ultimate Axl",,69,6.99,9.99,,,
25630,"70337","1","Nexo Knights","Ultimate","2016","Ultimate Lance",,75,6.99,9.99,,,
25631,"70338","1","Nexo Knights","Ultimate","2016","Ultimate General Magmar",,64,6.99,9.99,,,
25632,"70339","1","Nexo Knights","Ultimate","2016","Ultimate Flama",,67,6.99,9.99,,,
25620,"70588","1","Ninjago","Rise of the Villains","2016","Titanium Ninja Tumbler ",,342,24.99,29.99,,,
25621,"70589","1","Ninjago","Rise of the Villains","2016","Rock Roader",,406,34.99,39.99,,,"http://images.brickset.com/sets/images/70589-1.jpg"
25628,"70590","1","Ninjago","","2016","Airjitzu Battle Grounds",,666,,59.99,,,
25622,"70591","1","Ninjago","Skybound","2016","Kryptarium Prison Breakout",,207,17.99,19.99,,,"http://images.brickset.com/sets/images/70591-1.jpg"
25623,"70592","1","Ninjago","Rise of the Villains","2016","Salvage M.E.C.",,439,34.99,39.99,,,"http://images.brickset.com/sets/images/70592-1.jpg"
25624,"70593","1","Ninjago","Skybound","2016","The Green NRG Dragon",,567,39.99,49.99,,,"http://images.brickset.com/sets/images/70593-1.jpg"
25625,"70594","1","Ninjago","Skybound","2016","The Lighthouse Siege",,767,59.99,69.99,,,"http://images.brickset.com/sets/images/70594-1.jpg"
25626,"70595","1","Ninjago","Rise of the Villains","2016","Ultra Stealth Raider",,1093,79.99,119.99,,,"http://images.brickset.com/sets/images/70595-1.jpg"
25627,"70596","1","Ninjago","Rise of the Villains","2016","Samurai X Cave Chaos",,1253,,119.99,,,
24768,"70599","1","Ninjago","Skybound","2016","Cole's Dragon",,98,7.99,9.99,,9.99,"http://images.brickset.com/sets/images/70599-1.jpg"
24769,"70600","1","Ninjago","Skybound","2016","Ninja Bike Chase",,231,17.99,19.99,,19.99,"http://images.brickset.com/sets/images/70600-1.jpg"
24919,"70601","1","Ninjago","Skybound","2016","Sky Shark",,221,17.99,19.99,,19.99,"http://images.brickset.com/sets/images/70601-1.jpg"
24770,"70602","1","Ninjago","Skybound","2016","Jay's Elemental Dragon",,350,24.99,29.99,,34.99,"http://images.brickset.com/sets/images/70602-1.jpg"
24771,"70603","1","Ninjago","Skybound","2016","Raid Zeppelin",3,294,24.99,29.99,,32.99,"http://images.brickset.com/sets/images/70603-1.jpg"
24772,"70604","1","Ninjago","Skybound","2016","Tiger Widow Island",,450,39.99,49.99,,49.99,"http://images.brickset.com/sets/images/70604-1.jpg"
24920,"70605","1","Ninjago","Skybound","2016","Misfortune's Keep",,754,69.99,79.99,,89.99,"http://images.brickset.com/sets/images/70605-1.jpg"
25576,"71011","0","Collectable Minifigures","Series 15","2016","LEGO Minifigures - Series 15 {Random bag}",,,,,,,"http://images.brickset.com/sets/images/71011-0.jpg"
25592,"71011","1","Collectable Minifigures","Series 15","2016","Farmer",1,,,,,,"http://images.brickset.com/sets/images/71011-1.jpg"
25577,"71011","2","Collectable Minifigures","Series 15","2016","Astronaut",1,,,,,,"http://images.brickset.com/sets/images/71011-2.jpg"
25578,"71011","3","Collectable Minifigures","Series 15","2016","Frightening Knight",1,,,,,,"http://images.brickset.com/sets/images/71011-3.jpg"
25579,"71011","4","Collectable Minifigures","Series 15","2016","Clumsy Guy",1,,,,,,"http://images.brickset.com/sets/images/71011-4.jpg"
25580,"71011","5","Collectable Minifigures","Series 15","2016","Tribal Woman",1,,,,,,"http://images.brickset.com/sets/images/71011-5.jpg"
25581,"71011","6","Collectable Minifigures","Series 15","2016","Flying Warrior",1,,,,,,"http://images.brickset.com/sets/images/71011-6.jpg"
25582,"71011","7","Collectable Minifigures","Series 15","2016","Faun",1,,,,,,"http://images.brickset.com/sets/images/71011-7.jpg"
25583,"71011","8","Collectable Minifigures","Series 15","2016","Animal Control Officer",1,,,,,,"http://images.brickset.com/sets/images/71011-8.jpg"
25584,"71011","9","Collectable Minifigures","Series 15","2016","Janitor",1,,,,,,"http://images.brickset.com/sets/images/71011-9.jpg"
25585,"71011","10","Collectable Minifigures","Series 15","2016","Ballerina",1,,,,,,"http://images.brickset.com/sets/images/71011-10.jpg"
25586,"71011","11","Collectable Minifigures","Series 15","2016","Laser Mech",1,,,,,,"http://images.brickset.com/sets/images/71011-11.jpg"
25587,"71011","12","Collectable Minifigures","Series 15","2016","Kendo Fighter",1,,,,,,"http://images.brickset.com/sets/images/71011-12.jpg"
25588,"71011","13","Collectable Minifigures","Series 15","2016","Shark Suit Guy",1,,,,,,"http://images.brickset.com/sets/images/71011-13.jpg"
25589,"71011","14","Collectable Minifigures","Series 15","2016","Wrestling Champion",1,,,,,,"http://images.brickset.com/sets/images/71011-14.jpg"
25590,"71011","15","Collectable Minifigures","Series 15","2016","Jewel Thief",1,,,,,,"http://images.brickset.com/sets/images/71011-15.jpg"
25591,"71011","16","Collectable Minifigures","Series 15","2016","Queen",1,,,,,,"http://images.brickset.com/sets/images/71011-16.jpg"
25593,"71011","17","Collectable Minifigures","Series 15","2016","LEGO Minifigures - Series 15 - Complete",16,0,,,,,"http://images.brickset.com/sets/images/71011-17.jpg"
25594,"71011","18","Collectable Minifigures","Series 15","2016","LEGO Minifigures - Series 15 - Sealed Box",,,2.49,3.99,3.99,2.99,"http://images.brickset.com/sets/images/71011-18.jpg"
25665,"71012","0","Collectable Minifigures","Disney","2016","LEGO Minifigures - Disney Series {Random bag}",,,,,,,
25970,"71012","1","Collectable Minifigures","Disney","2016","{?}",,,,,,,
25971,"71012","2","Collectable Minifigures","Disney","2016","{?}",,,,,,,
25972,"71012","3","Collectable Minifigures","Disney","2016","{?}",,,,,,,
25973,"71012","4","Collectable Minifigures","Disney","2016","{?}",,,,,,,
25974,"71012","5","Collectable Minifigures","Disney","2016","{?}",,,,,,,
25975,"71012","6","Collectable Minifigures","Disney","2016","{?}",,,,,,,
25976,"71012","7","Collectable Minifigures","Disney","2016","{?}",,,,,,,
25977,"71012","8","Collectable Minifigures","Disney","2016","{?}",,,,,,,
25978,"71012","9","Collectable Minifigures","Disney","2016","{?}",,,,,,,
25979,"71012","10","Collectable Minifigures","Disney","2016","{?}",,,,,,,
25980,"71012","11","Collectable Minifigures","Disney","2016","{?}",,,,,,,
25981,"71012","12","Collectable Minifigures","Disney","2016","{?}",,,,,,,
25982,"71012","13","Collectable Minifigures","Disney","2016","{?}",,,,,,,
25983,"71012","14","Collectable Minifigures","Disney","2016","{?}",,,,,,,
25984,"71012","15","Collectable Minifigures","Disney","2016","{?}",,,,,,,
25985,"71012","16","Collectable Minifigures","Disney","2016","{?}",,,,,,,
25986,"71012","17","Collectable Minifigures","Disney","2016","{?}",,,,,,,
25987,"71012","18","Collectable Minifigures","Disney","2016","{?}",,,,,,,
25666,"71012","19","Collectable Minifigures","Disney","2016","LEGO Minifigures - Disney Series - Complete",,,,,,,
25667,"71012","20","Collectable Minifigures","Disney","2016","LEGO Minifigures - Disney Series - Sealed Box",,,,,,,
25988,"71013","0","Collectable Minifigures","Series 16","2016","LEGO Minifigures - Series 16 {Random bag}",,,,,,,
25991,"71013","1","Collectable Minifigures","Series 16","2016","{?}",,,,,,,
25992,"71013","2","Collectable Minifigures","Series 16","2016","{?}",,,,,,,
25993,"71013","3","Collectable Minifigures","Series 16","2016","{?}",,,,,,,
25994,"71013","4","Collectable Minifigures","Series 16","2016","{?}",,,,,,,
25995,"71013","5","Collectable Minifigures","Series 16","2016","{?}",,,,,,,
25996,"71013","6","Collectable Minifigures","Series 16","2016","{?}",,,,,,,
25997,"71013","7","Collectable Minifigures","Series 16","2016","{?}",,,,,,,
25998,"71013","8","Collectable Minifigures","Series 16","2016","{?}",,,,,,,
25999,"71013","9","Collectable Minifigures","Series 16","2016","{?}",,,,,,,
26000,"71013","10","Collectable Minifigures","Series 16","2016","{?}",,,,,,,
26001,"71013","11","Collectable Minifigures","Series 16","2016","{?}",,,,,,,
26002,"71013","12","Collectable Minifigures","Series 16","2016","{?}",,,,,,,
26003,"71013","13","Collectable Minifigures","Series 16","2016","{?}",,,,,,,
26004,"71013","14","Collectable Minifigures","Series 16","2016","{?}",,,,,,,
26005,"71013","15","Collectable Minifigures","Series 16","2016","{?}",,,,,,,
26006,"71013","16","Collectable Minifigures","Series 16","2016","{?}",,,,,,,
25989,"71013","17","Collectable Minifigures","Series 16","2016","LEGO Minifigures - Series 16 - Complete",,,,,,,
25990,"71013","18","Collectable Minifigures","Series 16","2016","LEGO Minifigures - Series 16 - Sealed Box",,,,,,,
25848,"71040","1","Advanced Models","","2016","{Minifigures D2C}",,,,,,,
24659,"71228","1","Dimensions","Level Pack","2016","Level Pack: Ghostbusters",1,115,29.99,29.99,29.99,29.99,"http://images.brickset.com/sets/images/71228-1.jpg"
24552,"71229","1","Dimensions","Team Pack","2016","Team Pack: Joker and Harley Quinn",2,92,29.99,24.99,24.99,24.99,"http://images.brickset.com/sets/images/71229-1.jpg"
24548,"71230","1","Dimensions","Fun Pack","2016","Fun Pack: Doc Brown",1,69,14.99,14.99,14.99,14.99,"http://images.brickset.com/sets/images/71230-1.jpg"
24661,"71233","1","Dimensions","Fun Pack","2016","Fun Pack: Stay Puft",,65,,14.99,,,"http://images.brickset.com/sets/images/71233-1.jpg"
24551,"71234","1","Dimensions","Fun Pack","2016","Fun Pack: Sensei Wu",1,58,14.99,14.99,14.99,14.99,"http://images.brickset.com/sets/images/71234-1.jpg"
24807,"71235","1","Dimensions","Level Pack","2016","Level Pack: Midway Arcade",,96,,29.99,,,"http://images.brickset.com/sets/images/71235-1.jpg"
24550,"71236","1","Dimensions","Fun Pack","2016","Fun Pack: Superman",,48,,,,,"http://images.brickset.com/sets/images/71236-1.jpg"
24546,"71237","1","Dimensions","Fun Pack","2016","Fun Pack: Aquaman",,43,,,,,"http://images.brickset.com/sets/images/71237-1.jpg"
24618,"71238","1","Dimensions","Fun Pack","2016","Fun Pack: Cyberman",1,40,14.99,14.99,14.99,14.99,"http://images.brickset.com/sets/images/71238-1.jpg"
24549,"71239","1","Dimensions","Fun Pack","2016","Fun Pack: Gold Ninja",,56,,,,,"http://images.brickset.com/sets/images/71239-1.jpg"
24547,"71240","1","Dimensions","Fun Pack","2016","Fun Pack: Bane",,52,,,,,"http://images.brickset.com/sets/images/71240-1.jpg"
24660,"71241","1","Dimensions","Fun Pack","2016","Fun Pack: Slimer",,33,,14.99,,,"http://images.brickset.com/sets/images/71241-1.jpg"
24934,"71242","1","Dimensions","","2016","{?}",,,,,,,
24935,"71243","1","Dimensions","","2016","{?}",,,,,,,
24936,"71244","1","Dimensions","","2016","{?}",,,,,,,
24937,"71245","1","Dimensions","","2016","{?}",,,,,,,
24938,"71246","1","Dimensions","","2016","{?}",,,,,,,
24939,"71247","1","Dimensions","","2016","{?}",,,,,,,
24940,"71248","1","Dimensions","","2016","{?}",,,,,,,
24941,"71249","1","Dimensions","","2016","{?}",,,,,,,
24942,"71250","1","Dimensions","","2016","{?}",,,,,,,
24943,"71251","1","Dimensions","","2016","{?}",,,,,,,
24944,"71252","1","Dimensions","","2016","{?}",,,,,,,
24945,"71253","1","Dimensions","","2016","{?}",,,,,,,
24946,"71254","1","Dimensions","","2016","{?}",,,,,,,
24947,"71255","1","Dimensions","","2016","{?}",,,,,,,
24948,"71256","1","Dimensions","","2016","{?}",,,,,,,
24949,"71257","1","Dimensions","","2016","{?}",,,,,,,
24950,"71258","1","Dimensions","","2016","{?}",,,,,,,
24951,"71259","1","Dimensions","","2016","{?}",,,,,,,
24952,"71260","1","Dimensions","","2016","{?}",,,,,,,
24953,"71261","1","Dimensions","","2016","{?}",,,,,,,
24954,"71262","1","Dimensions","","2016","{?}",,,,,,,
24955,"71263","1","Dimensions","","2016","{?}",,,,,,,
24956,"71300","1","Bionicle","companions","2016","Uxar - Creature of Jungle",,89,6.99,9.99,12.99,9.99,"http://images.brickset.com/sets/images/71300-1.jpg"
24666,"71301","1","Bionicle","Companions","2016","Ketar - Creature of Stone",,80,6.99,9.99,12.99,9.99,"http://images.brickset.com/sets/images/71301-1.jpg"
24667,"71302","1","Bionicle","Companions","2016","Akida - Creature of Water",,120,6.99,9.99,12.99,9.99,"http://images.brickset.com/sets/images/71302-1.jpg"
24668,"71303","1","Bionicle","Companions","2016","Ikir - Creature of Fire",,77,6.99,9.99,12.99,9.99,"http://images.brickset.com/sets/images/71303-1.jpg"
24669,"71304","1","Bionicle","Companions","2016","Terak - Creature of Earth",,74,6.99,9.99,12.99,9.99,"http://images.brickset.com/sets/images/71304-1.jpg"
24670,"71305","1","Bionicle","Toa","2016","Lewa - Uniter of Jungle",,79,9.99,14.99,17.99,14.99,"http://images.brickset.com/sets/images/71305-1.jpg"
24671,"71306","1","Bionicle","Toa","2016","Pohatu - Uniter of Stone",,90,9.99,14.99,17.99,14.99,"http://images.brickset.com/sets/images/71306-1.jpg"
24672,"71307","1","Bionicle","Toa","2016","Gali - Uniter of Water",,87,9.99,14.99,17.99,14.99,"http://images.brickset.com/sets/images/71307-1.jpg"
24673,"71308","1","Bionicle","Toa","2016","Tahu - Uniter of Fire",,132,14.99,19.99,24.99,19.99,"http://images.brickset.com/sets/images/71308-1.jpg"
24957,"71309","1","Bionicle","Toa","2016","Onua - Uniter of Earth",,143,14.99,19.99,24.99,19.99,"http://images.brickset.com/sets/images/71309-1.jpg"
24674,"71310","1","Bionicle","Reboot Villains","2016","Umarak the Hunter",,172,14.99,19.99,24.99,19.99,"http://images.brickset.com/sets/images/71310-1.jpg"
24806,"71311","1","Bionicle","Miscellaneous","2016","Kopaka and Melum - Unity set",,171,19.99,24.99,29.99,24.99,"http://images.brickset.com/sets/images/71311-1.jpg"
25643,"71312","1","Bionicle","Miscellaneous","2016","Ekimu the Mask Maker",,94,,14.99,,,
25644,"71313","1","Bionicle","Reboot Villains","2016","Lava Beast",,114,,14.99,,,
25645,"71314","1","Bionicle","Reboot Villains","2016","Storm Beast",,109,,14.99,,,
25646,"71315","1","Bionicle","Reboot Villains","2016","Quake Beast",,102,,14.99,,,
25647,"71316","1","Bionicle","Reboot Villains","2016","Umarak the Destroyer",,191,,24.99,,,
24627,"75098","1","Star Wars","Ultimate Collector Series","2016","Assault on Hoth",,2144,219.99,249.99,,249.99,"http://images.brickset.com/sets/images/75098-1.jpg"
24778,"75113","1","Star Wars","Buildable Figures","2016","Rey",,84,14.99,19.99,24.99,19.99,"http://images.brickset.com/sets/images/75113-1.jpg"
24779,"75114","1","Star Wars","Buildable Figures","2016","First Order Stormtrooper",,81,14.99,19.99,24.99,19.99,"http://images.brickset.com/sets/images/75114-1.jpg"
24780,"75115","1","Star Wars","Buildable Figures","2016","Poe Dameron",,102,19.99,24.99,29.99,24.99,"http://images.brickset.com/sets/images/75115-1.jpg"
24781,"75116","1","Star Wars","Buildable Figures","2016","Finn",,98,19.99,24.99,29.99,24.99,"http://images.brickset.com/sets/images/75116-1.jpg"
24782,"75117","1","Star Wars","Buildable Figures","2016","Kylo Ren",,86,19.99,24.99,29.99,24.99,"http://images.brickset.com/sets/images/75117-1.jpg"
24783,"75118","1","Star Wars","Buildable Figures","2016","Captain Phasma",,82,19.99,24.99,29.99,24.99,"http://images.brickset.com/sets/images/75118-1.jpg"
25607,"75119","1","Star Wars","Buildable Figures","2016","{?}",,,,,,,
25608,"75120","1","Star Wars","Buildable Figures","2016","{?}",,,,,,,
25609,"75121","1","Star Wars","Buildable Figures","2016","{?}",,,,,,,
24958,"75122","1","Star Wars","Buildable Figures","2016","{?}",,,,,,,
25947,"75123","1","Star Wars","Buildable Figures","2016","{?}",,,,,,,
25948,"75124","1","Star Wars","Buildable Figures","2016","{?}",,,,,,,
24784,"75125","1","Star Wars","MicroFighters","2016","Resistance X-wing Fighter",1,87,8.99,9.99,,9.99,"http://images.brickset.com/sets/images/75125-1.jpg"
24785,"75126","1","Star Wars","MicroFighters","2016","First Order Snowspeeder",1,91,8.99,9.99,12.99,9.99,"http://images.brickset.com/sets/images/75126-1.jpg"
24786,"75127","1","Star Wars","MicroFighters","2016","The Ghost",1,104,8.99,9.99,,9.99,"http://images.brickset.com/sets/images/75127-1.jpg"
24787,"75128","1","Star Wars","MicroFighters","2016","TIE Advanced Prototype",1,93,8.99,9.99,,9.99,"http://images.brickset.com/sets/images/75128-1.jpg"
24788,"75129","1","Star Wars","MicroFighters","2016","Wookiee Gunship",1,84,8.99,9.99,,9.99,"http://images.brickset.com/sets/images/75129-1.jpg"
24789,"75130","1","Star Wars","MicroFighters","2016","AT-DP",1,76,8.99,9.99,,9.99,"http://images.brickset.com/sets/images/75130-1.jpg"
24790,"75131","1","Star Wars","The Force Awakens","2016","Resistance Trooper Battle Pack",4,112,11.99,12.99,15.99,16.99,"http://images.brickset.com/sets/images/75131-1.jpg"
24791,"75132","1","Star Wars","The Force Awakens","2016","First Order Battle Pack",4,88,11.99,12.99,15.99,16.99,"http://images.brickset.com/sets/images/75132-1.jpg"
24793,"75133","1","Star Wars","Battlefront","2016","Rebel Alliance Battle Pack",4,101,11.99,12.99,,16.99,"http://images.brickset.com/sets/images/75133-1.jpg"
24792,"75134","1","Star Wars","Battlefront","2016","Galactic Empire Battle Pack",4,109,11.99,12.99,,16.99,"http://images.brickset.com/sets/images/75134-1.jpg"
24794,"75135","1","Star Wars","Episode III","2016","Obi-Wan's Jedi Interceptor",2,215,19.99,24.99,,29.99,"http://images.brickset.com/sets/images/75135-1.jpg"
24795,"75136","1","Star Wars","Episode IV","2016","Droid Escape Pod",4,197,19.99,24.99,,29.99,"http://images.brickset.com/sets/images/75136-1.jpg"
24796,"75137","1","Star Wars","Episode V","2016","Carbon-Freezing Chamber",3,231,19.99,24.99,,29.99,"http://images.brickset.com/sets/images/75137-1.jpg"
24797,"75138","1","Star Wars","Episode V","2016","Hoth Attack",4,233,19.99,24.99,,29.99,"http://images.brickset.com/sets/images/75138-1.jpg"
24959,"75139","1","Star Wars","The Force Awakens","2016","Battle on Takodana",5,409,49.99,59.99,74.99,59.99,"http://images.brickset.com/sets/images/75139-1.jpg"
24798,"75140","1","Star Wars","The Force Awakens","2016","Resistance Troop Transporter",4,646,59.99,69.99,89.99,69.99,"http://images.brickset.com/sets/images/75140-1.jpg"
24799,"75141","1","Star Wars","Rebels","2016","Kanan's Speeder Bike",3,234,19.99,,,29.99,"http://images.brickset.com/sets/images/75141-1.jpg"
24960,"75142","1","Star Wars","Episode III","2016","Homing Spider Droid",4,310,34.99,,,39.99,"http://images.brickset.com/sets/images/75142-1.jpg"
24961,"75143","1","Star Wars","","2016","A-Wing Starfighter",,,,,,,
25727,"75144","1","Star Wars","Ultimate Collector Series","2016","Snowspeeder",,,,,,,
25898,"75145","1","Star Wars","Original Content","2016","Eclipse Fighter",,363,34.99,29.99,,,"http://images.brickset.com/sets/images/75145-1.jpg"
25605,"75146","1","Star Wars","Seasonal","2016","Star Wars Advent Calendar",,282,,39.99,,,"http://images.brickset.com/sets/images/75146-1.jpg"
25923,"75147","1","Star Wars","Original Content","2016","Star Scavenger",,558,49.99,49.99,,,"http://images.brickset.com/sets/images/75147-1.jpg"
25606,"75148","1","Star Wars","The Force Awakens","2016","Encounter on Jakku",,530,49.99,59.99,,,"http://images.brickset.com/sets/images/75148-1.jpg"
25922,"75149","1","Star Wars","The Force Awakens","2016","Resistance X-wing Fighter",,740,79.99,79.99,,,"http://images.brickset.com/sets/images/75149-1.jpg"
25919,"75150","1","Star Wars","Rebels","2016","Vader's TIE Advanced vs. A-wing Fighter",,702,79.99,89.99,,,"http://images.brickset.com/sets/images/75150-1.jpg"
25920,"75151","1","Star Wars","Episode III","2016","Clone Turbo Tank",,903,99.99,109.99,,,"http://images.brickset.com/sets/images/75151-1.jpg"
26049,"75152","1","Star Wars","Rogue One","2016","{?}",,,,,,,
26050,"75153","1","Star Wars","Rogue One","2016","{?}",,,,,,,
26051,"75154","1","Star Wars","Rogue One","2016","{?}",,,,,,,
26052,"75155","1","Star Wars","Rogue One","2016","{?}",,,,,,,
26053,"75156","1","Star Wars","Rogue One","2016","{?}",,,,,,,
25921,"75157","1","Star Wars","Rebels","2016","Captain Rex's AT-TE",,972,99.99,119.99,,,"http://images.brickset.com/sets/images/75157-1.jpg"
25864,"75159","1","Star Wars","Ultimate Collector Series","2016","The Death Star",,,,,,,
25659,"75821","1","The Angry Birds Movie","","2016","Piggy Car Escape",,74,11.99,12.99,,,"http://images.brickset.com/sets/images/75821-1.jpg"
25660,"75822","1","The Angry Birds Movie","","2016","Piggy Plane Attack",,168,19.99,19.99,,,"http://images.brickset.com/sets/images/75822-1.jpg"
25661,"75823","1","The Angry Birds Movie","","2016","Bird Island Egg Heist",,277,34.99,29.99,,,"http://images.brickset.com/sets/images/75823-1.jpg"
25662,"75824","1","The Angry Birds Movie","","2016","Pig City Teardown",,386,39.99,39.99,,,"http://images.brickset.com/sets/images/75824-1.jpg"
25663,"75825","1","The Angry Birds Movie","","2016","Piggy Pirate Ship",,620,59.99,59.99,,,"http://images.brickset.com/sets/images/75825-1.jpg"
25664,"75826","1","The Angry Birds Movie","","2016","King Pig's Castle",,859,74.99,89.99,,,"http://images.brickset.com/sets/images/75826-1.jpg"
25597,"75827","1","Ghostbusters","","2016","Firehouse Headquarters ",10,4634,274.99,349.99,399.99,349.99,"http://images.brickset.com/sets/images/75827-1.jpg"
25668,"75828","1","Ghostbusters","Reboot","2016","Ghostbusters Ecto-1 & Ecto-2",,,,59.99,,,"http://images.brickset.com/sets/images/75828-1.jpg"
24773,"75870","1","Speed Champions","Chevrolet","2016","Chevrolet Corvette Z06",,,,,,,"http://images.brickset.com/sets/images/75870-1.jpg"
24774,"75871","1","Speed Champions","Ford","2016","Ford Mustang GT",,,,,,,"http://images.brickset.com/sets/images/75871-1.jpg"
24775,"75872","1","Speed Champions","Audi","2016","Audi R18 e-tron quattro",,,,,,,"http://images.brickset.com/sets/images/75872-1.jpg"
24962,"75873","1","Speed Champions","Audi","2016","Audi R8 LMS ultra",,,,,,,"http://images.brickset.com/sets/images/75873-1.jpg"
24776,"75874","1","Speed Champions","Ford","2016","Chevrolet Camaro Drag Race",,,,,,,"http://images.brickset.com/sets/images/75874-1.jpg"
24777,"75875","1","Speed Champions","Ford","2016","Ford F-150 Raptor & Ford Model A Hot Rod",,,,,,,"http://images.brickset.com/sets/images/75875-1.jpg"
24963,"75876","1","Speed Champions","Porsche","2016","Porsche 919 Hybrid and 917K Pit Lane",,,,,,,
24697,"76044","1","DC Comics Super Heroes","Batman v Superman: Dawn of Justice","2016","Clash of the Heroes",2,92,11.99,12.99,15.99,14.99,"http://images.brickset.com/sets/images/76044-1.jpg"
24698,"76045","1","DC Comics Super Heroes","Batman v Superman: Dawn of Justice","2016","Kryptonite Interception",,306,29.99,29.99,39.99,34.99,"http://images.brickset.com/sets/images/76045-1.jpg"
24744,"76046","1","DC Comics Super Heroes","Batman v Superman: Dawn of Justice","2016","Heroes of Justice: Sky High Battle",5,517,54.99,59.99,74.99,69.99,"http://images.brickset.com/sets/images/76046-1.jpg"
24745,"76047","1","Marvel Super Heroes","Captain America: Civil War","2016","Black Panther Pursuit",,287,,29.99,,,"http://images.brickset.com/sets/images/76047-1.jpg"
24746,"76048","1","Marvel Super Heroes","Avengers Assemble","2016","Iron Skull Sub Attack",4,335,29.99,29.99,39.99,34.99,"http://images.brickset.com/sets/images/76048-1.jpg"
24747,"76049","1","Marvel Super Heroes","Avengers Assemble","2016","Avenjet Space Mission",5,523,49.99,59.99,74.99,69.99,"http://images.brickset.com/sets/images/76049-1.jpg"
24748,"76050","1","Marvel Super Heroes","Captain America: Civil War","2016","Crossbones' Hazard Heist",,179,,19.99,,34.99,"http://images.brickset.com/sets/images/76050-1.jpg"
25657,"76051","1","Marvel Super Heroes","Captain America: Civil War","2016","Super Hero Airport Battle",,807,,79.99,,,"http://images.brickset.com/sets/images/76051-1.jpg"
24964,"76052","1","DC Comics Super Heroes","Classic Batman TV Series","2016","Batman Classic TV Series - Batcave",,2526,229.99,269.99,,249.99,"http://images.brickset.com/sets/images/76052-1.jpg"
24699,"76053","1","DC Comics Super Heroes","Batman","2016","Gotham City Cycle Chase",,224,,19.99,,,"http://images.brickset.com/sets/images/76053-1.jpg"
25916,"76054","1","DC Comics Super Heroes","Batman","2016","Batman: Scarecrow Harvest of Fear",,563,59.99,59.99,,,"http://images.brickset.com/sets/images/76054-1.jpg"
25918,"76055","1","DC Comics Super Heroes","Batman","2016","Batman: Killer Croc Sewer Smash",,759,69.99,79.99,,,"http://images.brickset.com/sets/images/76055-1.jpg"
26065,"76056","1","DC Comics Super Heroes","Batman","2016","Rescue From Ra's Al Ghul",,,,,,,
26029,"76057","1","Marvel Super Heroes","Ultimate Spider-Man","2016","Spider-Man: Web Warriors Ultimate Bridge Battle",,1092,99.99,99.99,,,"http://images.brickset.com/sets/images/76057-1.jpg"
25917,"76058","1","Marvel Super Heroes","Ultimate Spider-Man","2016","Spider-Man: Ghost Rider Team-Up",,217,19.99,19.99,,,"http://images.brickset.com/sets/images/76058-1.jpg"
25969,"76059","1","Marvel Super Heroes","Ultimate Spider-Man","2016","Spider-Man: Doc Ock's Tentacle Trap",,446,44.99,39.99,,,"http://images.brickset.com/sets/images/76059-1.jpg"
24700,"76061","1","DC Comics Super Heroes","Mighty Micros","2016","Batman vs. Catwoman",,79,,9.99,,,"http://images.brickset.com/sets/images/76061-1.jpg"
24701,"76062","1","DC Comics Super Heroes","Mighty Micros","2016","Robin vs. Bane",,77,,9.99,,,"http://images.brickset.com/sets/images/76062-1.jpg"
24702,"76063","1","DC Comics Super Heroes","Mighty Micros","2016","The Flash vs. Captain Cold",,88,,9.99,,,"http://images.brickset.com/sets/images/76063-1.jpg"
24749,"76064","1","Marvel Super Heroes","Mighty Micros","2016","Spider-Man vs. Green Goblin",,85,,9.99,,,"http://images.brickset.com/sets/images/76064-1.jpg"
24750,"76065","1","Marvel Super Heroes","Mighty Micros","2016","Captain America vs. Red Skull",,95,,9.99,,,"http://images.brickset.com/sets/images/76065-1.jpg"
24751,"76066","1","Marvel Super Heroes","Mighty Micros","2016","Hulk vs. Ultron",,80,,9.99,,,"http://images.brickset.com/sets/images/76066-1.jpg"
25891,"76067","1","Marvel Super Heroes","Captain America: Civil War","2016","{?}",,,,,,,
26046,"850805","1","Gear","Housewares","2016","Drinking Bottle‚ÄîBlue",,,6.99,,,7.99,"http://images.brickset.com/sets/images/850805-1.jpg"
26074,"850806","1","Gear","Housewares","2016","Drinking Bottle Pink",,,6.99,,,7.99,
26047,"850817","1","Gear","Housewares","2016","Drinking Bottle",,,6.99,,,7.99,"http://images.brickset.com/sets/images/850817-1.jpg"
25878,"853505","1","Gear","Role-Play toys","2016","NK Sword Standard",,,6.99,9.99,11.99,7.99,"http://images.brickset.com/sets/images/853505-1.jpg"
25877,"853506","1","Gear","Role-Play toys","2016","NK Shield Standard",,,8.49,12.99,15.99,9.99,"http://images.brickset.com/sets/images/853506-1.jpg"
25886,"853519","1","Gear","Playmats","2016","NK Playmat",,,10.99,14.99,17.99,12.99,"http://images.brickset.com/sets/images/853519-1.jpg"
25879,"853534","1","Gear","Key Chains/Ninjago","2016","Airjitzu Jay Key Chain",,,3.99,5.99,6.99,4.99,"http://images.brickset.com/sets/images/853534-1.jpg"
25887,"853543","1","Ninjago","","2016","Ninjago Party Set",,70,5.99,7.99,9.99,6.99,"http://images.brickset.com/sets/images/853543-1.jpg"
25896,"853547","1","Gear","Key Chains/Friends","2016","Emma Key Chain",,,3.99,5.99,6.99,4.99,"http://images.brickset.com/sets/images/853547-1.jpg"
25880,"853548","1","Gear","Key Chains/Friends","2016","Andrea Key Chain",,,3.99,5.99,6.99,4.99,"http://images.brickset.com/sets/images/853548-1.jpg"
25881,"853549","1","Gear","Key Chains/Friends","2016","Mia Key Chain",,,3.99,5.99,6.99,4.99,"http://images.brickset.com/sets/images/853549-1.jpg"
25882,"853550","1","Gear","Key Chains/Friends","2016","Stephanie Key Chain",,,3.99,5.99,6.99,4.99,"http://images.brickset.com/sets/images/853550-1.jpg"
25897,"853551","1","Gear","Key Chains/Friends","2016","Olivia Key Chain",,,3.99,5.99,6.99,4.99,"http://images.brickset.com/sets/images/853551-1.jpg"
25876,"853555","1","Gear","Stationery","2016","Campsite Scrapbook",,,10.99,14.99,17.99,12.99,"http://images.brickset.com/sets/images/853555-1.jpg"
25883,"853568","1","Gear","Key Chains/City","2016","Prison Guard Key Chain",,,3.99,5.99,6.99,4.99,"http://images.brickset.com/sets/images/853568-1.jpg"
25875,"853570","1","City","Police","2016","Police Accessory Set",,26,10.99,14.99,17.99,12.99,"http://images.brickset.com/sets/images/853570-1.jpg"
25884,"853571","1","Gear","Key Chains/Miscellaneous","2016","Hot Dog Guy Key Chain",,,3.99,5.99,6.99,4.99,"http://images.brickset.com/sets/images/853571-1.jpg"
25885,"853572","1","Gear","Key Chains/Miscellaneous","2016","Bumble Bee Key Chain",,,3.99,5.99,6.99,4.99,"http://images.brickset.com/sets/images/853572-1.jpg"
25965,"853599","1","Gear","Magnets/Minifigures","2016","New York Minifigure Magnet",,,,,,,"http://images.brickset.com/sets/images/853599-1.jpg"
25964,"853601","1","Gear","Key Chains/Locations","2016","New York Key Chain",,,,,,,
25946,"2000447","1","Education","","2016","Mini Milo",,31,,,,,"http://images.brickset.com/sets/images/2000447-1.jpg"
25950,"2045300","1","Education","","2016","WeDo 2.0 Curriculum Pack",,,,,,,"http://images.brickset.com/sets/images/2045300-1.jpg"
25011,"5002946","1","Marvel Super Heroes","","2016","Silver Centurion",1,12,,,,,"http://images.brickset.com/sets/images/5002946-1.jpg"
25854,"5004388","1","Nexo Knights","Miscellaneous","2016","Nexo Knights Intro Pack",1,8,,,,,"http://images.brickset.com/sets/images/5004388-1.jpg"
25968,"5004389","1","Nexo Knights","Miscellaneous","2016","Battle Station",,19,,,,,"http://images.brickset.com/sets/images/5004389-1.jpg"
25913,"5004390","1","Nexo Knights","Miscellaneous","2016","{Exclusive Minifigure}",,,,,,,
25865,"5004391","1","Ninjago","Skybound","2016","Sky Pirates Battle",,32,,,,,"http://images.brickset.com/sets/images/5004391-1.jpg"
25866,"5004395","1","Friends","Accessories","2016","Jewellery and Sticker Pack",,16,,,,,"http://images.brickset.com/sets/images/5004395-1.jpg"
25867,"5004401","1","Duplo","","2016","Wildlife Puzzle",,3,,,,,"http://images.brickset.com/sets/images/5004401-1.jpg"
25868,"5004403","1","Gear","Playmats","2016","Playmat",,,,,,,"http://images.brickset.com/sets/images/5004403-1.jpg"
25869,"5004404","1","City","Police","2016","Police Chase",,37,,,,,"http://images.brickset.com/sets/images/5004404-1.jpg"
25870,"5004406","1","Star Wars","The Force Awakens","2016","First Order General",,4,,,,,"http://images.brickset.com/sets/images/5004406-1.jpg"
25871,"5004409","1","Bionicle","Packs","2016","Accessory pack",,5,,,,,"http://images.brickset.com/sets/images/5004409-1.jpg"
25901,"5004612","1","Gear","Watches/Clocks","2016","Lucy Wyldstyle Minifigure Link Watch",,,,24.99,24.99,,"http://images.brickset.com/sets/images/5004612-1.jpg"
25952,"5004833","1","Education","","2016","WeDo 2.0 ReadyGo Classroom Packs",,,,,,,"http://images.brickset.com/sets/images/5004833-1.jpg"
25951,"5004837","1","Education","","2016","WeDo 2.0 YouCreate Classroom Packs",,,,,,,"http://images.brickset.com/sets/images/5004837-1.jpg"
25958,"5004838","1","Education","","2016"," WeDo 2.0 Add-On Power Pack",,,,,,,"http://images.brickset.com/sets/images/5004838-1.jpg"
25959,"5005011","1","Gear","Watches/Clocks","2016","Anakin Skywalker Minifigure Watch",,,19.99,,,24.99,"http://images.brickset.com/sets/images/5005011-1.jpg"
25960,"5005015","1","Gear","Watches/Clocks","2016","Classic Minifigure Link Watch",,,19.99,,,24.99,"http://images.brickset.com/sets/images/5005015-1.jpg"
25961,"5005017","1","Gear","Watches/Clocks","2016","Yoda Minifigure Watch",,,19.99,,,24.99,"http://images.brickset.com/sets/images/5005017-1.jpg"
25962,"5005018","1","Gear","Watches/Clocks","2016","Luke Skywalker Watch",,,19.99,,,24.99,"http://images.brickset.com/sets/images/5005018-1.jpg"
26060,"5005051","1","Gear","Digital Media","2016","Friends of Heartlake City Girlz 4 Life",,,,19.99,,,
26056,"5005057","1","Gear","Video Games/XBOX 360","2016","Marvel Avengers XBOX 360 Video Game",,,,49.99,,,"http://images.brickset.com/sets/images/5005057-1.jpg"
26057,"5005058","1","Gear","Video Games/Wii U","2016","Marvel Avengers Wii U Video Game",,,,49.99,,,"http://images.brickset.com/sets/images/5005058-1.jpg"
26058,"5005059","1","Gear","Video Games/PS3","2016","Marvel Avengers PS3 Video Game",,,,49.99,,,"http://images.brickset.com/sets/images/5005059-1.jpg"
26059,"5005060","1","Gear","Video Games/3DS","2016","Marvel Avengers Nintendo 3DS Video Game",,,,29.99,,,"http://images.brickset.com/sets/images/5005060-1.jpg"
25851,"B0189OU0JY","1","Gear","Digital media","2016","LEGO Star Wars: Droid Tales",,,,19.99,,,"http://images.brickset.com/sets/images/B0189OU0JY-1.jpg"
26030,"FR561601","1","Friends","Magazine gift","2016","Parrot and Nest",,,,,,,
26013,"ISBN0241232481","1","Books","Dorling Kindersley","2016","Ninjago Character Encyclopedia Updated Edition",,,,,,,
26014,"ISBN0750967579","1","Books","The History Press","2016","Brick History: Amazing Historical Scenes to Build from LEGO",,,,,,,"http://images.brickset.com/sets/images/ISBN0750967579-1.jpg"
26015,"ISBN143800754X","1","Books","Barron's Educational Series","2016","Brick History: A Brick History of the World in LEGO (US Edition)",,,,,,,"http://images.brickset.com/sets/images/ISBN143800754X-1.jpg"
26008,"ISBN1440246998","1","Books","Krause Publications","2016","The Ultimate Guide to Collectible Minifigures",,,,,,,
26012,"ISBN1465449671","1","Books","Dorling Kindersley","2016","Star Wars: Chronicles of the Force",,,,,,,
26009,"ISBN1465450459","1","Books","Dorling Kindersley","2016","LEGO Star Wars: Build Your Own Adventure",,,,,,,
26010,"ISBN1465450467","1","Books","Dorling Kindersley","2016","LEGO City: Build Your Own Adventure",,,,,,,
26011,"ISBN1593277350","1","Books","No Starch Press","2016","Tiny LEGO Wonders: Build 42 Impressive Miniscale Models",,,,,,,"http://images.brickset.com/sets/images/ISBN1593277350-1.jpg"
25776,"ISBN1631590790","1","Books","Quarry","2016","Birds from Bricks: Designs That Make LEGO Take Flight",,,,,,,"http://images.brickset.com/sets/images/ISBN1631590790-1.jpg"
25925,"NIN891508","1","Ninjago","Magazine Gift","2016","Anacondrai Hideout",,,,,,,"http://images.brickset.com/sets/images/NIN891508-1.jpg"
26043,"NIN891609","1","Ninjago","Magazine Gift","2016","Kai",,,,,,,"http://images.brickset.com/sets/images/NIN891609-1.jpg"
26061,"NIN891610","1","Ninjago","Magazine Gift","2016","Clouse",,,,,,,
25924,"SW911607","1","Star Wars","Magazine Gift","2016","Millennium Falcon",,,,,,,"http://images.brickset.com/sets/images/SW911607-1.jpg"
26042,"SW911608","1","Star Wars","Magazine Gift","2016","Landspeeder",,,,,,,"http://images.brickset.com/sets/images/SW911608-1.jpg"
